<?xml version="1.0" encoding="utf-8" ?>
<dwsync>
<file name="Application.cfc" server="ftp.prowebs.com.br/public_html/ancp/" local="130071335770000000" remote="130071335770000000" />
<file name="filemanager.config.cfm" server="ftp.prowebs.com.br/public_html/ancp/" local="130071335790000000" remote="130071335790000000" />
<file name="filemanager.cfm" server="ftp.prowebs.com.br/public_html/ancp/" local="130071335790000000" remote="130071335790000000" />
<file name="root.cfm" server="ftp.prowebs.com.br/public_html/ancp/" local="130071335790000000" remote="130071335790000000" />
<file name="Application.cfc" server="www.ancp.org.br:229" local="130071335770000000" remote="130094059600000000" />
<file name="filemanager.cfm" server="www.ancp.org.br:229" local="130071335790000000" remote="130094059610000000" />
<file name="filemanager.config.cfm" server="www.ancp.org.br:229" local="130071335790000000" remote="130094059610000000" />
<file name="root.cfm" server="www.ancp.org.br:229" local="130071335790000000" remote="130094059620000000" />
</dwsync>