<?xml version="1.0" encoding="utf-8" ?>
<dwsync>
<file name="auth.jsp" server="ftp.prowebs.com.br/public_html/ancp/" local="130071335790000000" remote="130071335790000000" />
<file name="filemanager.jsp" server="ftp.prowebs.com.br/public_html/ancp/" local="130071335790000000" remote="130071335790000000" />
<file name="ReadMe.txt" server="ftp.prowebs.com.br/public_html/ancp/" local="130071335840000000" remote="130071335840000000" />
<file name="config.properties" server="ftp.prowebs.com.br/public_html/ancp/" local="130071335790000000" remote="130071335790000000" />
<file name="auth.jsp" server="www.ancp.org.br:229" local="130071335790000000" remote="130094059620000000" />
<file name="config.properties" server="www.ancp.org.br:229" local="130071335790000000" remote="130094059620000000" />
<file name="filemanager.jsp" server="www.ancp.org.br:229" local="130071335790000000" remote="130094059620000000" />
<file name="ReadMe.txt" server="www.ancp.org.br:229" local="130071335840000000" remote="130094059750000000" />
</dwsync>