<?xml version="1.0" encoding="utf-8" ?>
<dwsync>
<file name="jar.png" server="ftp.prowebs.com.br/public_html/ancp/" local="130071336460000000" remote="130071336460000000" />
<file name="bmp.png" server="ftp.prowebs.com.br/public_html/ancp/" local="130071336440000000" remote="130071336440000000" />
<file name="_Net.png" server="ftp.prowebs.com.br/public_html/ancp/" local="130071336570000000" remote="130071336570000000" />
<file name="zip.png" server="ftp.prowebs.com.br/public_html/ancp/" local="130071336560000000" remote="130071336560000000" />
<file name="other_image.png" server="ftp.prowebs.com.br/public_html/ancp/" local="130071336510000000" remote="130071336510000000" />
<file name="chm.png" server="ftp.prowebs.com.br/public_html/ancp/" local="130071336440000000" remote="130071336440000000" />
<file name="aac.png" server="ftp.prowebs.com.br/public_html/ancp/" local="130071336430000000" remote="130071336430000000" />
<file name="default.png" server="ftp.prowebs.com.br/public_html/ancp/" local="130071336440000000" remote="130071336440000000" />
<file name="fla.png" server="ftp.prowebs.com.br/public_html/ancp/" local="130071336450000000" remote="130071336450000000" />
<file name="reg.png" server="ftp.prowebs.com.br/public_html/ancp/" local="130071336540000000" remote="130071336540000000" />
<file name="_Works.png" server="ftp.prowebs.com.br/public_html/ancp/" local="130071336570000000" remote="130071336570000000" />
<file name="avi.png" server="ftp.prowebs.com.br/public_html/ancp/" local="130071336430000000" remote="130071336430000000" />
<file name="jpg.png" server="ftp.prowebs.com.br/public_html/ancp/" local="130071336470000000" remote="130071336470000000" />
<file name="mdb.png" server="ftp.prowebs.com.br/public_html/ancp/" local="130071336500000000" remote="130071336500000000" />
<file name="ppt.png" server="ftp.prowebs.com.br/public_html/ancp/" local="130071336520000000" remote="130071336520000000" />
<file name="_ProgramFiles.png" server="ftp.prowebs.com.br/public_html/ancp/" local="130071336570000000" remote="130071336570000000" />
<file name="doc.png" server="ftp.prowebs.com.br/public_html/ancp/" local="130071336450000000" remote="130071336450000000" />
<file name="other_music.png" server="ftp.prowebs.com.br/public_html/ancp/" local="130071336520000000" remote="130071336520000000" />
<file name="xml.png" server="ftp.prowebs.com.br/public_html/ancp/" local="130071336560000000" remote="130071336560000000" />
<file name="rb.png" server="ftp.prowebs.com.br/public_html/ancp/" local="130071336520000000" remote="130071336520000000" />
<file name="gif.png" server="ftp.prowebs.com.br/public_html/ancp/" local="130071336450000000" remote="130071336450000000" />
<file name="lasso.png" server="ftp.prowebs.com.br/public_html/ancp/" local="130071336470000000" remote="130071336470000000" />
<file name="wav.png" server="ftp.prowebs.com.br/public_html/ancp/" local="130071336550000000" remote="130071336550000000" />
<file name="_Documents.png" server="ftp.prowebs.com.br/public_html/ancp/" local="130071336560000000" remote="130071336560000000" />
<file name="_Movie.png" server="ftp.prowebs.com.br/public_html/ancp/" local="130071336560000000" remote="130071336560000000" />
<file name="real.png" server="ftp.prowebs.com.br/public_html/ancp/" local="130071336530000000" remote="130071336530000000" />
<file name="_Favorites.png" server="ftp.prowebs.com.br/public_html/ancp/" local="130071336560000000" remote="130071336560000000" />
<file name="pdf.png" server="ftp.prowebs.com.br/public_html/ancp/" local="130071336520000000" remote="130071336520000000" />
<file name="css.png" server="ftp.prowebs.com.br/public_html/ancp/" local="130071336440000000" remote="130071336440000000" />
<file name="wmv.png" server="ftp.prowebs.com.br/public_html/ancp/" local="130071336550000000" remote="130071336550000000" />
<file name="vbs.png" server="ftp.prowebs.com.br/public_html/ancp/" local="130071336550000000" remote="130071336550000000" />
<file name="rtf.png" server="ftp.prowebs.com.br/public_html/ancp/" local="130071336540000000" remote="130071336540000000" />
<file name="_Open.png" server="ftp.prowebs.com.br/public_html/ancp/" local="130071336570000000" remote="130071336570000000" />
<file name="mp3.png" server="ftp.prowebs.com.br/public_html/ancp/" local="130071336510000000" remote="130071336510000000" />
<file name="_Music.png" server="ftp.prowebs.com.br/public_html/ancp/" local="130071336570000000" remote="130071336570000000" />
<file name="other_music2.png" server="ftp.prowebs.com.br/public_html/ancp/" local="130071336520000000" remote="130071336520000000" />
<file name="txt.png" server="ftp.prowebs.com.br/public_html/ancp/" local="130071336540000000" remote="130071336540000000" />
<file name="py.png" server="ftp.prowebs.com.br/public_html/ancp/" local="130071336520000000" remote="130071336520000000" />
<file name="htm.png" server="ftp.prowebs.com.br/public_html/ancp/" local="130071336450000000" remote="130071336450000000" />
<file name="other_movie.png" server="ftp.prowebs.com.br/public_html/ancp/" local="130071336510000000" remote="130071336510000000" />
<file name="php.png" server="ftp.prowebs.com.br/public_html/ancp/" local="130071336520000000" remote="130071336520000000" />
<file name="dll.png" server="ftp.prowebs.com.br/public_html/ancp/" local="130071336440000000" remote="130071336440000000" />
<file name="js.png" server="ftp.prowebs.com.br/public_html/ancp/" local="130071336470000000" remote="130071336470000000" />
<file name="jpeg.png" server="ftp.prowebs.com.br/public_html/ancp/" local="130071336460000000" remote="130071336460000000" />
<file name="wma.png" server="ftp.prowebs.com.br/public_html/ancp/" local="130071336550000000" remote="130071336550000000" />
<file name="sql.png" server="ftp.prowebs.com.br/public_html/ancp/" local="130071336540000000" remote="130071336540000000" />
<file name="mpg.png" server="ftp.prowebs.com.br/public_html/ancp/" local="130071336510000000" remote="130071336510000000" />
<file name="_Image.png" server="ftp.prowebs.com.br/public_html/ancp/" local="130071336560000000" remote="130071336560000000" />
<file name="png.png" server="ftp.prowebs.com.br/public_html/ancp/" local="130071336520000000" remote="130071336520000000" />
<file name="_Close.png" server="ftp.prowebs.com.br/public_html/ancp/" local="130071336560000000" remote="130071336560000000" />
<file name="xls.png" server="ftp.prowebs.com.br/public_html/ancp/" local="130071336560000000" remote="130071336560000000" />
<file name="ini.png" server="ftp.prowebs.com.br/public_html/ancp/" local="130071336460000000" remote="130071336460000000" />
<file name="xsl.png" server="ftp.prowebs.com.br/public_html/ancp/" local="130071336560000000" remote="130071336560000000" />
<file name="html.png" server="ftp.prowebs.com.br/public_html/ancp/" local="130071336460000000" remote="130071336460000000" />
<file name="swf.png" server="ftp.prowebs.com.br/public_html/ancp/" local="130071336540000000" remote="130071336540000000" />
<file name="mov.png" server="ftp.prowebs.com.br/public_html/ancp/" local="130071336500000000" remote="130071336500000000" />
<file name="aac.png" server="www.ancp.org.br:229" local="130071336430000000" remote="130094060360000000" />
<file name="avi.png" server="www.ancp.org.br:229" local="130071336430000000" remote="130094060370000000" />
<file name="bmp.png" server="www.ancp.org.br:229" local="130071336440000000" remote="130094060370000000" />
<file name="chm.png" server="www.ancp.org.br:229" local="130071336440000000" remote="130094060370000000" />
<file name="css.png" server="www.ancp.org.br:229" local="130071336440000000" remote="130094060370000000" />
<file name="default.png" server="www.ancp.org.br:229" local="130071336440000000" remote="130094060370000000" />
<file name="dll.png" server="www.ancp.org.br:229" local="130071336440000000" remote="130094060370000000" />
<file name="doc.png" server="www.ancp.org.br:229" local="130071336450000000" remote="130094060370000000" />
<file name="fla.png" server="www.ancp.org.br:229" local="130071336450000000" remote="130094060370000000" />
<file name="gif.png" server="www.ancp.org.br:229" local="130071336450000000" remote="130094060380000000" />
<file name="htm.png" server="www.ancp.org.br:229" local="130071336450000000" remote="130094060380000000" />
<file name="html.png" server="www.ancp.org.br:229" local="130071336460000000" remote="130094060380000000" />
<file name="ini.png" server="www.ancp.org.br:229" local="130071336460000000" remote="130094060380000000" />
<file name="jar.png" server="www.ancp.org.br:229" local="130071336460000000" remote="130094060380000000" />
<file name="jpeg.png" server="www.ancp.org.br:229" local="130071336460000000" remote="130094060390000000" />
<file name="jpg.png" server="www.ancp.org.br:229" local="130071336470000000" remote="130094060390000000" />
<file name="js.png" server="www.ancp.org.br:229" local="130071336470000000" remote="130094060390000000" />
<file name="lasso.png" server="www.ancp.org.br:229" local="130071336470000000" remote="130094060390000000" />
<file name="mdb.png" server="www.ancp.org.br:229" local="130071336500000000" remote="130094060390000000" />
<file name="mov.png" server="www.ancp.org.br:229" local="130071336500000000" remote="130094060390000000" />
<file name="mp3.png" server="www.ancp.org.br:229" local="130071336510000000" remote="130094060400000000" />
<file name="mpg.png" server="www.ancp.org.br:229" local="130071336510000000" remote="130094060400000000" />
<file name="other_image.png" server="www.ancp.org.br:229" local="130071336510000000" remote="130094060400000000" />
<file name="other_movie.png" server="www.ancp.org.br:229" local="130071336510000000" remote="130094060400000000" />
<file name="other_music.png" server="www.ancp.org.br:229" local="130071336520000000" remote="130094060400000000" />
<file name="other_music2.png" server="www.ancp.org.br:229" local="130071336520000000" remote="130094060410000000" />
<file name="pdf.png" server="www.ancp.org.br:229" local="130071336520000000" remote="130094060410000000" />
<file name="php.png" server="www.ancp.org.br:229" local="130071336520000000" remote="130094060410000000" />
<file name="png.png" server="www.ancp.org.br:229" local="130071336520000000" remote="130094060410000000" />
<file name="ppt.png" server="www.ancp.org.br:229" local="130071336520000000" remote="130094060410000000" />
<file name="py.png" server="www.ancp.org.br:229" local="130071336520000000" remote="130094060420000000" />
<file name="rb.png" server="www.ancp.org.br:229" local="130071336520000000" remote="130094060420000000" />
<file name="real.png" server="www.ancp.org.br:229" local="130071336530000000" remote="130094060420000000" />
<file name="reg.png" server="www.ancp.org.br:229" local="130071336540000000" remote="130094060420000000" />
<file name="rtf.png" server="www.ancp.org.br:229" local="130071336540000000" remote="130094060430000000" />
<file name="sql.png" server="www.ancp.org.br:229" local="130071336540000000" remote="130094060430000000" />
<file name="swf.png" server="www.ancp.org.br:229" local="130071336540000000" remote="130094060430000000" />
<file name="txt.png" server="www.ancp.org.br:229" local="130071336540000000" remote="130094060430000000" />
<file name="vbs.png" server="www.ancp.org.br:229" local="130071336550000000" remote="130094060430000000" />
<file name="wav.png" server="www.ancp.org.br:229" local="130071336550000000" remote="130094060430000000" />
<file name="wma.png" server="www.ancp.org.br:229" local="130071336550000000" remote="130094060440000000" />
<file name="wmv.png" server="www.ancp.org.br:229" local="130071336550000000" remote="130094060440000000" />
<file name="xls.png" server="www.ancp.org.br:229" local="130071336560000000" remote="130094060480000000" />
<file name="xml.png" server="www.ancp.org.br:229" local="130071336560000000" remote="130094060480000000" />
<file name="xsl.png" server="www.ancp.org.br:229" local="130071336560000000" remote="130094060490000000" />
<file name="zip.png" server="www.ancp.org.br:229" local="130071336560000000" remote="130094060490000000" />
<file name="_Close.png" server="www.ancp.org.br:229" local="130071336560000000" remote="130094060490000000" />
<file name="_Documents.png" server="www.ancp.org.br:229" local="130071336560000000" remote="130094060490000000" />
<file name="_Favorites.png" server="www.ancp.org.br:229" local="130071336560000000" remote="130094060490000000" />
<file name="_Image.png" server="www.ancp.org.br:229" local="130071336560000000" remote="130094060490000000" />
<file name="_Movie.png" server="www.ancp.org.br:229" local="130071336560000000" remote="130094060500000000" />
<file name="_Music.png" server="www.ancp.org.br:229" local="130071336570000000" remote="130094060510000000" />
<file name="_Net.png" server="www.ancp.org.br:229" local="130071336570000000" remote="130094060510000000" />
<file name="_Open.png" server="www.ancp.org.br:229" local="130071336570000000" remote="130094060510000000" />
<file name="_ProgramFiles.png" server="www.ancp.org.br:229" local="130071336570000000" remote="130094060510000000" />
<file name="_Works.png" server="www.ancp.org.br:229" local="130071336570000000" remote="130094060530000000" />
</dwsync>