<?xml version="1.0" encoding="utf-8" ?>
<dwsync>
<file name="encode_urlpath.inc" server="ftp.prowebs.com.br/public_html/ancp/" local="130071335840000000" remote="130071335840000000" />
<file name="filemanager.lasso" server="ftp.prowebs.com.br/public_html/ancp/" local="130071335850000000" remote="130071335850000000" />
<file name="dictionary.inc" server="ftp.prowebs.com.br/public_html/ancp/" local="130071335840000000" remote="130071335840000000" />
<file name="client_params.inc" server="ftp.prowebs.com.br/public_html/ancp/" local="130071335840000000" remote="130071335840000000" />
<file name="encode_json.inc" server="ftp.prowebs.com.br/public_html/ancp/" local="130071335840000000" remote="130071335840000000" />
<file name="filemanager.inc" server="ftp.prowebs.com.br/public_html/ancp/" local="130071335850000000" remote="130071335850000000" />
<file name="filemanager.config.inc.default" server="ftp.prowebs.com.br/public_html/ancp/" local="130071335840000000" remote="130071335840000000" />
<file name="client_params.inc" server="www.ancp.org.br:229" local="130071335840000000" remote="130094059750000000" />
<file name="dictionary.inc" server="www.ancp.org.br:229" local="130071335840000000" remote="130094059750000000" />
<file name="encode_json.inc" server="www.ancp.org.br:229" local="130071335840000000" remote="130094059750000000" />
<file name="encode_urlpath.inc" server="www.ancp.org.br:229" local="130071335840000000" remote="130094059750000000" />
<file name="filemanager.config.inc.default" server="www.ancp.org.br:229" local="130071335840000000" remote="130094059760000000" />
<file name="filemanager.inc" server="www.ancp.org.br:229" local="130071335850000000" remote="130094059760000000" />
<file name="filemanager.lasso" server="www.ancp.org.br:229" local="130071335850000000" remote="130094059760000000" />
</dwsync>