<?xml version="1.0" encoding="utf-8" ?>
<dwsync>
<file name="page_white_edit.png" server="ftp.prowebs.com.br/public_html/ancp/" local="130071336700000000" remote="130071336700000000" />
<file name="cut.png" server="ftp.prowebs.com.br/public_html/ancp/" local="130071336700000000" remote="130071336700000000" />
<file name="page_white_paste.png" server="ftp.prowebs.com.br/public_html/ancp/" local="130071336700000000" remote="130071336700000000" />
<file name="page_white_copy.png" server="ftp.prowebs.com.br/public_html/ancp/" local="130071336700000000" remote="130071336700000000" />
<file name="door.png" server="ftp.prowebs.com.br/public_html/ancp/" local="130071336700000000" remote="130071336700000000" />
<file name="page_white_delete.png" server="ftp.prowebs.com.br/public_html/ancp/" local="130071336700000000" remote="130071336700000000" />
<file name="cut.png" server="www.ancp.org.br:229" local="130071336700000000" remote="130094060760000000" />
<file name="door.png" server="www.ancp.org.br:229" local="130071336700000000" remote="130094060760000000" />
<file name="page_white_copy.png" server="www.ancp.org.br:229" local="130071336700000000" remote="130094060760000000" />
<file name="page_white_delete.png" server="www.ancp.org.br:229" local="130071336700000000" remote="130094060770000000" />
<file name="page_white_edit.png" server="www.ancp.org.br:229" local="130071336700000000" remote="130094060770000000" />
<file name="page_white_paste.png" server="www.ancp.org.br:229" local="130071336700000000" remote="130094060770000000" />
</dwsync>