<?xml version="1.0" encoding="utf-8" ?>
<dwsync>
<file name="jquery.contextMenu-1.01.js" server="ftp.prowebs.com.br/public_html/ancp/" local="130071336700000000" remote="130071336700000000" />
<file name="jquery.contextMenu.css" server="ftp.prowebs.com.br/public_html/ancp/" local="130071336710000000" remote="130071336710000000" />
<file name="jquery.contextMenu.js" server="ftp.prowebs.com.br/public_html/ancp/" local="130071336710000000" remote="130071336710000000" />
<file name="jqueryContextMenu.html" server="ftp.prowebs.com.br/public_html/ancp/" local="130071336710000000" remote="130071336710000000" />
<file name="jquery.contextMenu-1.01.css" server="ftp.prowebs.com.br/public_html/ancp/" local="130071336700000000" remote="130071336700000000" />
<file name="jquery.contextMenu-1.01.css" server="www.ancp.org.br:229" local="130071336700000000" remote="130094060770000000" />
<file name="jquery.contextMenu-1.01.js" server="www.ancp.org.br:229" local="130071336700000000" remote="130094060770000000" />
<file name="jquery.contextMenu.css" server="www.ancp.org.br:229" local="130071336710000000" remote="130094060770000000" />
<file name="jquery.contextMenu.js" server="www.ancp.org.br:229" local="130071336710000000" remote="130094060770000000" />
<file name="jqueryContextMenu.html" server="www.ancp.org.br:229" local="130071336710000000" remote="130094060770000000" />
</dwsync>