<?xml version="1.0" encoding="utf-8" ?>
<dwsync>
<file name="jqueryFileTree.lasso" server="ftp.prowebs.com.br/public_html/ancp/" local="130071336720000000" remote="130071336720000000" />
<file name="jqueryFileTree.aspx" server="ftp.prowebs.com.br/public_html/ancp/" local="130071336710000000" remote="130071336710000000" />
<file name="jqueryFileTree.cf" server="ftp.prowebs.com.br/public_html/ancp/" local="130071336710000000" remote="130071336710000000" />
<file name="jqueryFileTree.rb" server="ftp.prowebs.com.br/public_html/ancp/" local="130071336720000000" remote="130071336720000000" />
<file name="jqueryFileTree.asp" server="ftp.prowebs.com.br/public_html/ancp/" local="130071336710000000" remote="130071336710000000" />
<file name="jqueryFileTree.php" server="ftp.prowebs.com.br/public_html/ancp/" local="130071336720000000" remote="130071336720000000" />
<file name="jqueryFileTree.jsp" server="ftp.prowebs.com.br/public_html/ancp/" local="130071336710000000" remote="130071336710000000" />
<file name="jqueryFileTree.py" server="ftp.prowebs.com.br/public_html/ancp/" local="130071336720000000" remote="130071336720000000" />
<file name="jqueryFileTree.asp" server="www.ancp.org.br:229" local="130071336710000000" remote="130094060780000000" />
<file name="jqueryFileTree.aspx" server="www.ancp.org.br:229" local="130071336710000000" remote="130094060780000000" />
<file name="jqueryFileTree.cf" server="www.ancp.org.br:229" local="130071336710000000" remote="130094060780000000" />
<file name="jqueryFileTree.jsp" server="www.ancp.org.br:229" local="130071336710000000" remote="130094060780000000" />
<file name="jqueryFileTree.lasso" server="www.ancp.org.br:229" local="130071336720000000" remote="130094060780000000" />
<file name="jqueryFileTree.php" server="www.ancp.org.br:229" local="130071336720000000" remote="130094060790000000" />
<file name="jqueryFileTree.py" server="www.ancp.org.br:229" local="130071336720000000" remote="130094060790000000" />
<file name="jqueryFileTree.rb" server="www.ancp.org.br:229" local="130071336720000000" remote="130094060790000000" />
</dwsync>