<?xml version="1.0" encoding="utf-8" ?>
<dwsync>
<file name="jquery.splitter-1.5.1.js" server="ftp.prowebs.com.br/public_html/ancp/" local="130071336750000000" remote="130071336750000000" />
<file name="jquery.splitter.css" server="ftp.prowebs.com.br/public_html/ancp/" local="130071336750000000" remote="130071336750000000" />
<file name="hgrabber.gif" server="ftp.prowebs.com.br/public_html/ancp/" local="130071336750000000" remote="130071336750000000" />
<file name="jquery.splitter.js" server="ftp.prowebs.com.br/public_html/ancp/" local="130071336750000000" remote="130071336750000000" />
<file name="vgrabber.gif" server="ftp.prowebs.com.br/public_html/ancp/" local="130071336750000000" remote="130071336750000000" />
<file name="hgrabber.gif" server="www.ancp.org.br:229" local="130071336750000000" remote="130094060840000000" />
<file name="jquery.splitter-1.5.1.js" server="www.ancp.org.br:229" local="130071336750000000" remote="130094060840000000" />
<file name="jquery.splitter.css" server="www.ancp.org.br:229" local="130071336750000000" remote="130094060850000000" />
<file name="jquery.splitter.js" server="www.ancp.org.br:229" local="130071336750000000" remote="130094060870000000" />
<file name="vgrabber.gif" server="www.ancp.org.br:229" local="130071336750000000" remote="130094060870000000" />
</dwsync>