<?xml version="1.0" encoding="utf-8" ?>
<dwsync>
<file name="init.cfm" server="ftp.prowebs.com.br/public_html/ancp/" local="130071335780000000" remote="130071335780000000" />
<file name="accessors.cfm" server="ftp.prowebs.com.br/public_html/ancp/" local="130071335770000000" remote="130071335770000000" />
<file name="functions.cfm" server="ftp.prowebs.com.br/public_html/ancp/" local="130071335780000000" remote="130071335780000000" />
<file name="utils.cfm" server="ftp.prowebs.com.br/public_html/ancp/" local="130071335790000000" remote="130071335790000000" />
<file name="core.cfm" server="ftp.prowebs.com.br/public_html/ancp/" local="130071335780000000" remote="130071335780000000" />
<file name="language.cfm" server="ftp.prowebs.com.br/public_html/ancp/" local="130071335780000000" remote="130071335780000000" />
<file name="cfml.cfm" server="ftp.prowebs.com.br/public_html/ancp/" local="130071335770000000" remote="130071335770000000" />
<file name="accessors.cfm" server="www.ancp.org.br:229" local="130071335770000000" remote="130094059600000000" />
<file name="cfml.cfm" server="www.ancp.org.br:229" local="130071335770000000" remote="130094059600000000" />
<file name="core.cfm" server="www.ancp.org.br:229" local="130071335780000000" remote="130094059600000000" />
<file name="functions.cfm" server="www.ancp.org.br:229" local="130071335780000000" remote="130094059610000000" />
<file name="init.cfm" server="www.ancp.org.br:229" local="130071335780000000" remote="130094059610000000" />
<file name="language.cfm" server="www.ancp.org.br:229" local="130071335780000000" remote="130094059610000000" />
<file name="utils.cfm" server="www.ancp.org.br:229" local="130071335790000000" remote="130094059610000000" />
</dwsync>