<?xml version="1.0" encoding="utf-8" ?>
<dwsync>
<file name="jquery-1.6.1.min.js" server="ftp.prowebs.com.br/public_html/ancp/" local="130071336700000000" remote="130071336700000000" />
<file name="jquery-1.2.6.min.js" server="ftp.prowebs.com.br/public_html/ancp/" local="130071336690000000" remote="130071336690000000" />
<file name="jquery.tablesorter.min.js" server="ftp.prowebs.com.br/public_html/ancp/" local="130071336770000000" remote="130071336770000000" />
<file name="filemanager.config.js.default" server="ftp.prowebs.com.br/public_html/ancp/" local="130071336680000000" remote="130071336680000000" />
<file name="filemanager.js" server="ftp.prowebs.com.br/public_html/ancp/" local="130071336680000000" remote="130071336680000000" />
<file name="jquery.tablesorter-2.0.5b.min.js" server="ftp.prowebs.com.br/public_html/ancp/" local="130071336770000000" remote="130071336770000000" />
<file name="filemanager.config.js" server="ftp.prowebs.com.br/public_html/ancp/" local="130071336680000000" remote="130071336680000000" />
<file name="jquery.form.js" server="ftp.prowebs.com.br/public_html/ancp/" local="130071336740000000" remote="130071336740000000" />
<file name="jquery.impromptu-1.5.js" server="ftp.prowebs.com.br/public_html/ancp/" local="130071336740000000" remote="130071336740000000" />
<file name="jquery.impromptu-3.1.min.js" server="ftp.prowebs.com.br/public_html/ancp/" local="130071336740000000" remote="130071336740000000" />
<file name="jquery.form-2.63.js" server="ftp.prowebs.com.br/public_html/ancp/" local="130071336740000000" remote="130071336740000000" />
<file name="filemanager.config.js" server="www.ancp.org.br:229" local="130071336680000000" remote="130094060740000000" />
<file name="filemanager.config.js.default" server="www.ancp.org.br:229" local="130071336680000000" remote="130094060740000000" />
<file name="filemanager.js" server="www.ancp.org.br:229" local="130071336680000000" remote="130094060740000000" />
<file name="jquery-1.2.6.min.js" server="www.ancp.org.br:229" local="130071336690000000" remote="130094060750000000" />
<file name="jquery-1.6.1.min.js" server="www.ancp.org.br:229" local="130071336700000000" remote="130094060760000000" />
<file name="jquery.form-2.63.js" server="www.ancp.org.br:229" local="130071336740000000" remote="130094060830000000" />
<file name="jquery.form.js" server="www.ancp.org.br:229" local="130071336740000000" remote="130094060830000000" />
<file name="jquery.impromptu-1.5.js" server="www.ancp.org.br:229" local="130071336740000000" remote="130094060830000000" />
<file name="jquery.impromptu-3.1.min.js" server="www.ancp.org.br:229" local="130071336740000000" remote="130094060830000000" />
<file name="jquery.tablesorter-2.0.5b.min.js" server="www.ancp.org.br:229" local="130071336770000000" remote="130094060880000000" />
<file name="jquery.tablesorter.min.js" server="www.ancp.org.br:229" local="130071336770000000" remote="130094060900000000" />
</dwsync>