<?xml version="1.0" encoding="utf-8" ?>
<dwsync>
<file name="JSONTokener.java" server="ftp.prowebs.com.br/public_html/ancp/" local="130071335830000000" remote="130071335830000000" />
<file name="JSONObject.java" server="ftp.prowebs.com.br/public_html/ancp/" local="130071335830000000" remote="130071335830000000" />
<file name="JSONString.java" server="ftp.prowebs.com.br/public_html/ancp/" local="130071335830000000" remote="130071335830000000" />
<file name="JSONArray.java" server="ftp.prowebs.com.br/public_html/ancp/" local="130071335820000000" remote="130071335820000000" />
<file name="JSONException.java" server="ftp.prowebs.com.br/public_html/ancp/" local="130071335820000000" remote="130071335820000000" />
<file name="JSONArray.java" server="www.ancp.org.br:229" local="130071335820000000" remote="130094059730000000" />
<file name="JSONException.java" server="www.ancp.org.br:229" local="130071335820000000" remote="130094059730000000" />
<file name="JSONObject.java" server="www.ancp.org.br:229" local="130071335830000000" remote="130094059730000000" />
<file name="JSONString.java" server="www.ancp.org.br:229" local="130071335830000000" remote="130094059730000000" />
<file name="JSONTokener.java" server="www.ancp.org.br:229" local="130071335830000000" remote="130094059740000000" />
</dwsync>