<?xml version="1.0" encoding="utf-8" ?>
<dwsync>
<file name="parentfolder.png" server="ftp.prowebs.com.br/public_html/ancp/" local="130071336300000000" remote="130071336300000000" />
<file name="bullet_arrow_up.png" server="ftp.prowebs.com.br/public_html/ancp/" local="130071336160000000" remote="130071336160000000" />
<file name="house.png" server="ftp.prowebs.com.br/public_html/ancp/" local="130071336300000000" remote="130071336300000000" />
<file name="16arrow-up.png" server="ftp.prowebs.com.br/public_html/ancp/" local="130071336150000000" remote="130071336150000000" />
<file name="bullet_arrow_down.png" server="ftp.prowebs.com.br/public_html/ancp/" local="130071336160000000" remote="130071336160000000" />
<file name="ajax-loader.gif" server="ftp.prowebs.com.br/public_html/ancp/" local="130071336160000000" remote="130071336160000000" />
<file name="btnON.gif" server="ftp.prowebs.com.br/public_html/ancp/" local="130071336160000000" remote="130071336160000000" />
<file name="disk.png" server="ftp.prowebs.com.br/public_html/ancp/" local="130071336160000000" remote="130071336160000000" />
<file name="btnOFF.gif" server="ftp.prowebs.com.br/public_html/ancp/" local="130071336160000000" remote="130071336160000000" />
<file name="accept.png" server="ftp.prowebs.com.br/public_html/ancp/" local="130071336150000000" remote="130071336150000000" />
<file name="16arrow-down.png" server="ftp.prowebs.com.br/public_html/ancp/" local="130071336150000000" remote="130071336150000000" />
<file name="pencil.png" server="ftp.prowebs.com.br/public_html/ancp/" local="130071336300000000" remote="130071336300000000" />
<file name="application_view_list.png" server="ftp.prowebs.com.br/public_html/ancp/" local="130071336160000000" remote="130071336160000000" />
<file name="wait30trans.gif" server="ftp.prowebs.com.br/public_html/ancp/" local="130071336300000000" remote="130071336300000000" />
<file name="application_view_icons.png" server="ftp.prowebs.com.br/public_html/ancp/" local="130071336160000000" remote="130071336160000000" />
<file name="folder_add.png" server="ftp.prowebs.com.br/public_html/ancp/" local="130071336290000000" remote="130071336290000000" />
<file name="colSortOFF.gif" server="ftp.prowebs.com.br/public_html/ancp/" local="130071336160000000" remote="130071336160000000" />
<file name="add.png" server="ftp.prowebs.com.br/public_html/ancp/" local="130071336150000000" remote="130071336150000000" />
<file name="bin_closed.png" server="ftp.prowebs.com.br/public_html/ancp/" local="130071336160000000" remote="130071336160000000" />
<file name="16arrow-down.png" server="www.ancp.org.br:229" local="130071336150000000" remote="130094060050000000" />
<file name="16arrow-up.png" server="www.ancp.org.br:229" local="130071336150000000" remote="130094060050000000" />
<file name="accept.png" server="www.ancp.org.br:229" local="130071336150000000" remote="130094060050000000" />
<file name="add.png" server="www.ancp.org.br:229" local="130071336150000000" remote="130094060050000000" />
<file name="ajax-loader.gif" server="www.ancp.org.br:229" local="130071336160000000" remote="130094060050000000" />
<file name="application_view_icons.png" server="www.ancp.org.br:229" local="130071336160000000" remote="130094060050000000" />
<file name="application_view_list.png" server="www.ancp.org.br:229" local="130071336160000000" remote="130094060060000000" />
<file name="bin_closed.png" server="www.ancp.org.br:229" local="130071336160000000" remote="130094060060000000" />
<file name="btnOFF.gif" server="www.ancp.org.br:229" local="130071336160000000" remote="130094060060000000" />
<file name="btnON.gif" server="www.ancp.org.br:229" local="130071336160000000" remote="130094060060000000" />
<file name="bullet_arrow_down.png" server="www.ancp.org.br:229" local="130071336160000000" remote="130094060080000000" />
<file name="bullet_arrow_up.png" server="www.ancp.org.br:229" local="130071336160000000" remote="130094060080000000" />
<file name="colSortOFF.gif" server="www.ancp.org.br:229" local="130071336160000000" remote="130094060080000000" />
<file name="disk.png" server="www.ancp.org.br:229" local="130071336160000000" remote="130094060080000000" />
<file name="folder_add.png" server="www.ancp.org.br:229" local="130071336290000000" remote="130094060230000000" />
<file name="house.png" server="www.ancp.org.br:229" local="130071336300000000" remote="130094060230000000" />
<file name="parentfolder.png" server="www.ancp.org.br:229" local="130071336300000000" remote="130094060230000000" />
<file name="pencil.png" server="www.ancp.org.br:229" local="130071336300000000" remote="130094060230000000" />
<file name="wait30trans.gif" server="www.ancp.org.br:229" local="130071336300000000" remote="130094060230000000" />
</dwsync>