<?xml version="1.0" encoding="utf-8" ?>
<dwsync>
<file name="wmv.png" server="ftp.prowebs.com.br/public_html/ancp/" local="130071336270000000" remote="130071336270000000" />
<file name="css.png" server="ftp.prowebs.com.br/public_html/ancp/" local="130071336180000000" remote="130071336180000000" />
<file name="vbs.png" server="ftp.prowebs.com.br/public_html/ancp/" local="130071336270000000" remote="130071336270000000" />
<file name="pdf.png" server="ftp.prowebs.com.br/public_html/ancp/" local="130071336240000000" remote="130071336240000000" />
<file name="other_movie.png" server="ftp.prowebs.com.br/public_html/ancp/" local="130071336240000000" remote="130071336240000000" />
<file name="default.png" server="ftp.prowebs.com.br/public_html/ancp/" local="130071336180000000" remote="130071336180000000" />
<file name="rb.png" server="ftp.prowebs.com.br/public_html/ancp/" local="130071336250000000" remote="130071336250000000" />
<file name="rtf.png" server="ftp.prowebs.com.br/public_html/ancp/" local="130071336260000000" remote="130071336260000000" />
<file name="_Movie.png" server="ftp.prowebs.com.br/public_html/ancp/" local="130071336290000000" remote="130071336290000000" />
<file name="gif.png" server="ftp.prowebs.com.br/public_html/ancp/" local="130071336200000000" remote="130071336200000000" />
<file name="doc.png" server="ftp.prowebs.com.br/public_html/ancp/" local="130071336190000000" remote="130071336190000000" />
<file name="xml.png" server="ftp.prowebs.com.br/public_html/ancp/" local="130071336280000000" remote="130071336280000000" />
<file name="_Net.png" server="ftp.prowebs.com.br/public_html/ancp/" local="130071336290000000" remote="130071336290000000" />
<file name="wav.png" server="ftp.prowebs.com.br/public_html/ancp/" local="130071336270000000" remote="130071336270000000" />
<file name="jpg.png" server="ftp.prowebs.com.br/public_html/ancp/" local="130071336220000000" remote="130071336220000000" />
<file name="_Works.png" server="ftp.prowebs.com.br/public_html/ancp/" local="130071336290000000" remote="130071336290000000" />
<file name="real.png" server="ftp.prowebs.com.br/public_html/ancp/" local="130071336250000000" remote="130071336250000000" />
<file name="mdb.png" server="ftp.prowebs.com.br/public_html/ancp/" local="130071336220000000" remote="130071336220000000" />
<file name="ppt.png" server="ftp.prowebs.com.br/public_html/ancp/" local="130071336250000000" remote="130071336250000000" />
<file name="zip.png" server="ftp.prowebs.com.br/public_html/ancp/" local="130071336280000000" remote="130071336280000000" />
<file name="bmp.png" server="ftp.prowebs.com.br/public_html/ancp/" local="130071336170000000" remote="130071336170000000" />
<file name="jar.png" server="ftp.prowebs.com.br/public_html/ancp/" local="130071336210000000" remote="130071336210000000" />
<file name="fla.png" server="ftp.prowebs.com.br/public_html/ancp/" local="130071336190000000" remote="130071336190000000" />
<file name="reg.png" server="ftp.prowebs.com.br/public_html/ancp/" local="130071336250000000" remote="130071336250000000" />
<file name="avi.png" server="ftp.prowebs.com.br/public_html/ancp/" local="130071336170000000" remote="130071336170000000" />
<file name="aac.png" server="ftp.prowebs.com.br/public_html/ancp/" local="130071336170000000" remote="130071336170000000" />
<file name="chm.png" server="ftp.prowebs.com.br/public_html/ancp/" local="130071336180000000" remote="130071336180000000" />
<file name="xsl.png" server="ftp.prowebs.com.br/public_html/ancp/" local="130071336280000000" remote="130071336280000000" />
<file name="ini.png" server="ftp.prowebs.com.br/public_html/ancp/" local="130071336210000000" remote="130071336210000000" />
<file name="_Image.png" server="ftp.prowebs.com.br/public_html/ancp/" local="130071336290000000" remote="130071336290000000" />
<file name="js.png" server="ftp.prowebs.com.br/public_html/ancp/" local="130071336220000000" remote="130071336220000000" />
<file name="_Close.png" server="ftp.prowebs.com.br/public_html/ancp/" local="130071336280000000" remote="130071336280000000" />
<file name="other_music2.png" server="ftp.prowebs.com.br/public_html/ancp/" local="130071336240000000" remote="130071336240000000" />
<file name="swf.png" server="ftp.prowebs.com.br/public_html/ancp/" local="130071336270000000" remote="130071336270000000" />
<file name="mov.png" server="ftp.prowebs.com.br/public_html/ancp/" local="130071336230000000" remote="130071336230000000" />
<file name="mpg.png" server="ftp.prowebs.com.br/public_html/ancp/" local="130071336230000000" remote="130071336230000000" />
<file name="sql.png" server="ftp.prowebs.com.br/public_html/ancp/" local="130071336260000000" remote="130071336260000000" />
<file name="wma.png" server="ftp.prowebs.com.br/public_html/ancp/" local="130071336270000000" remote="130071336270000000" />
<file name="xls.png" server="ftp.prowebs.com.br/public_html/ancp/" local="130071336270000000" remote="130071336270000000" />
<file name="other_image.png" server="ftp.prowebs.com.br/public_html/ancp/" local="130071336240000000" remote="130071336240000000" />
<file name="png.png" server="ftp.prowebs.com.br/public_html/ancp/" local="130071336250000000" remote="130071336250000000" />
<file name="_Music.png" server="ftp.prowebs.com.br/public_html/ancp/" local="130071336290000000" remote="130071336290000000" />
<file name="_Open.png" server="ftp.prowebs.com.br/public_html/ancp/" local="130071336290000000" remote="130071336290000000" />
<file name="py.png" server="ftp.prowebs.com.br/public_html/ancp/" local="130071336250000000" remote="130071336250000000" />
<file name="php.png" server="ftp.prowebs.com.br/public_html/ancp/" local="130071336240000000" remote="130071336240000000" />
<file name="_Favorites.png" server="ftp.prowebs.com.br/public_html/ancp/" local="130071336280000000" remote="130071336280000000" />
<file name="html.png" server="ftp.prowebs.com.br/public_html/ancp/" local="130071336210000000" remote="130071336210000000" />
<file name="dll.png" server="ftp.prowebs.com.br/public_html/ancp/" local="130071336190000000" remote="130071336190000000" />
<file name="_ProgramFiles.png" server="ftp.prowebs.com.br/public_html/ancp/" local="130071336290000000" remote="130071336290000000" />
<file name="mp3.png" server="ftp.prowebs.com.br/public_html/ancp/" local="130071336230000000" remote="130071336230000000" />
<file name="htm.png" server="ftp.prowebs.com.br/public_html/ancp/" local="130071336200000000" remote="130071336200000000" />
<file name="_Documents.png" server="ftp.prowebs.com.br/public_html/ancp/" local="130071336280000000" remote="130071336280000000" />
<file name="other_music.png" server="ftp.prowebs.com.br/public_html/ancp/" local="130071336240000000" remote="130071336240000000" />
<file name="lasso.png" server="ftp.prowebs.com.br/public_html/ancp/" local="130071336220000000" remote="130071336220000000" />
<file name="txt.png" server="ftp.prowebs.com.br/public_html/ancp/" local="130071336270000000" remote="130071336270000000" />
<file name="jpeg.png" server="ftp.prowebs.com.br/public_html/ancp/" local="130071336220000000" remote="130071336220000000" />
<file name="aac.png" server="www.ancp.org.br:229" local="130071336170000000" remote="130094060090000000" />
<file name="avi.png" server="www.ancp.org.br:229" local="130071336170000000" remote="130094060090000000" />
<file name="bmp.png" server="www.ancp.org.br:229" local="130071336170000000" remote="130094060090000000" />
<file name="chm.png" server="www.ancp.org.br:229" local="130071336180000000" remote="130094060100000000" />
<file name="css.png" server="www.ancp.org.br:229" local="130071336180000000" remote="130094060100000000" />
<file name="default.png" server="www.ancp.org.br:229" local="130071336180000000" remote="130094060100000000" />
<file name="dll.png" server="www.ancp.org.br:229" local="130071336190000000" remote="130094060100000000" />
<file name="doc.png" server="www.ancp.org.br:229" local="130071336190000000" remote="130094060110000000" />
<file name="fla.png" server="www.ancp.org.br:229" local="130071336190000000" remote="130094060110000000" />
<file name="gif.png" server="www.ancp.org.br:229" local="130071336200000000" remote="130094060110000000" />
<file name="htm.png" server="www.ancp.org.br:229" local="130071336200000000" remote="130094060120000000" />
<file name="html.png" server="www.ancp.org.br:229" local="130071336210000000" remote="130094060120000000" />
<file name="ini.png" server="www.ancp.org.br:229" local="130071336210000000" remote="130094060120000000" />
<file name="jar.png" server="www.ancp.org.br:229" local="130071336210000000" remote="130094060130000000" />
<file name="jpeg.png" server="www.ancp.org.br:229" local="130071336220000000" remote="130094060130000000" />
<file name="jpg.png" server="www.ancp.org.br:229" local="130071336220000000" remote="130094060140000000" />
<file name="js.png" server="www.ancp.org.br:229" local="130071336220000000" remote="130094060140000000" />
<file name="lasso.png" server="www.ancp.org.br:229" local="130071336220000000" remote="130094060140000000" />
<file name="mdb.png" server="www.ancp.org.br:229" local="130071336220000000" remote="130094060140000000" />
<file name="mov.png" server="www.ancp.org.br:229" local="130071336230000000" remote="130094060140000000" />
<file name="mp3.png" server="www.ancp.org.br:229" local="130071336230000000" remote="130094060150000000" />
<file name="mpg.png" server="www.ancp.org.br:229" local="130071336230000000" remote="130094060150000000" />
<file name="other_image.png" server="www.ancp.org.br:229" local="130071336240000000" remote="130094060150000000" />
<file name="other_movie.png" server="www.ancp.org.br:229" local="130071336240000000" remote="130094060160000000" />
<file name="other_music.png" server="www.ancp.org.br:229" local="130071336240000000" remote="130094060160000000" />
<file name="other_music2.png" server="www.ancp.org.br:229" local="130071336240000000" remote="130094060160000000" />
<file name="pdf.png" server="www.ancp.org.br:229" local="130071336240000000" remote="130094060160000000" />
<file name="php.png" server="www.ancp.org.br:229" local="130071336240000000" remote="130094060170000000" />
<file name="png.png" server="www.ancp.org.br:229" local="130071336250000000" remote="130094060170000000" />
<file name="ppt.png" server="www.ancp.org.br:229" local="130071336250000000" remote="130094060170000000" />
<file name="py.png" server="www.ancp.org.br:229" local="130071336250000000" remote="130094060170000000" />
<file name="rb.png" server="www.ancp.org.br:229" local="130071336250000000" remote="130094060180000000" />
<file name="real.png" server="www.ancp.org.br:229" local="130071336250000000" remote="130094060180000000" />
<file name="reg.png" server="www.ancp.org.br:229" local="130071336250000000" remote="130094060180000000" />
<file name="rtf.png" server="www.ancp.org.br:229" local="130071336260000000" remote="130094060180000000" />
<file name="sql.png" server="www.ancp.org.br:229" local="130071336260000000" remote="130094060190000000" />
<file name="swf.png" server="www.ancp.org.br:229" local="130071336270000000" remote="130094060190000000" />
<file name="txt.png" server="www.ancp.org.br:229" local="130071336270000000" remote="130094060190000000" />
<file name="vbs.png" server="www.ancp.org.br:229" local="130071336270000000" remote="130094060190000000" />
<file name="wav.png" server="www.ancp.org.br:229" local="130071336270000000" remote="130094060200000000" />
<file name="wma.png" server="www.ancp.org.br:229" local="130071336270000000" remote="130094060200000000" />
<file name="wmv.png" server="www.ancp.org.br:229" local="130071336270000000" remote="130094060200000000" />
<file name="xls.png" server="www.ancp.org.br:229" local="130071336270000000" remote="130094060200000000" />
<file name="xml.png" server="www.ancp.org.br:229" local="130071336280000000" remote="130094060200000000" />
<file name="xsl.png" server="www.ancp.org.br:229" local="130071336280000000" remote="130094060210000000" />
<file name="zip.png" server="www.ancp.org.br:229" local="130071336280000000" remote="130094060210000000" />
<file name="_Close.png" server="www.ancp.org.br:229" local="130071336280000000" remote="130094060210000000" />
<file name="_Documents.png" server="www.ancp.org.br:229" local="130071336280000000" remote="130094060210000000" />
<file name="_Favorites.png" server="www.ancp.org.br:229" local="130071336280000000" remote="130094060210000000" />
<file name="_Image.png" server="www.ancp.org.br:229" local="130071336290000000" remote="130094060220000000" />
<file name="_Movie.png" server="www.ancp.org.br:229" local="130071336290000000" remote="130094060220000000" />
<file name="_Music.png" server="www.ancp.org.br:229" local="130071336290000000" remote="130094060220000000" />
<file name="_Net.png" server="www.ancp.org.br:229" local="130071336290000000" remote="130094060220000000" />
<file name="_Open.png" server="www.ancp.org.br:229" local="130071336290000000" remote="130094060220000000" />
<file name="_ProgramFiles.png" server="www.ancp.org.br:229" local="130071336290000000" remote="130094060230000000" />
<file name="_Works.png" server="www.ancp.org.br:229" local="130071336290000000" remote="130094060230000000" />
</dwsync>