<?xml version="1.0" encoding="utf-8" ?>
<dwsync>
<file name="jquery.tablesorter.min.js" server="ftp.prowebs.com.br/public_html/ancp/" local="130071336650000000" remote="130071336650000000" />
<file name="jquery-1.2.6.min.js" server="ftp.prowebs.com.br/public_html/ancp/" local="130071336590000000" remote="130071336590000000" />
<file name="jquery.impromptu-1.5.js" server="ftp.prowebs.com.br/public_html/ancp/" local="130071336640000000" remote="130071336640000000" />
<file name="filemanager.js" server="ftp.prowebs.com.br/public_html/ancp/" local="130071336590000000" remote="130071336590000000" />
<file name="jquery.form.js" server="ftp.prowebs.com.br/public_html/ancp/" local="130071336640000000" remote="130071336640000000" />
<file name="filemanager.config.js.default" server="ftp.prowebs.com.br/public_html/ancp/" local="130071336580000000" remote="130071336580000000" />
<file name="filemanager.config.js" server="ftp.prowebs.com.br/public_html/ancp/" local="130071336580000000" remote="130071336580000000" />
<file name="filemanager.config.js" server="www.ancp.org.br:229" local="130071336580000000" remote="130094060600000000" />
<file name="filemanager.config.js.default" server="www.ancp.org.br:229" local="130071336580000000" remote="130094060600000000" />
<file name="filemanager.js" server="www.ancp.org.br:229" local="130071336590000000" remote="130094060610000000" />
<file name="jquery-1.2.6.min.js" server="www.ancp.org.br:229" local="130071336590000000" remote="130094060610000000" />
<file name="jquery.form.js" server="www.ancp.org.br:229" local="130071336640000000" remote="130094060700000000" />
<file name="jquery.impromptu-1.5.js" server="www.ancp.org.br:229" local="130071336640000000" remote="130094060700000000" />
<file name="jquery.tablesorter.min.js" server="www.ancp.org.br:229" local="130071336650000000" remote="130094060710000000" />
</dwsync>