<?xml version="1.0" encoding="utf-8" ?>
<dwsync>
<file name=".gitignore" server="ftp.prowebs.com.br/public_html/ancp/" local="130071335760000000" remote="130071335760000000" />
<file name="ReadMe.txt" server="ftp.prowebs.com.br/public_html/ancp/" local="130071336680000000" remote="130071336680000000" />
<file name="ReadMe.md" server="ftp.prowebs.com.br/public_html/ancp/" local="130071336680000000" remote="130071336680000000" />
<file name="index.html" server="ftp.prowebs.com.br/public_html/ancp/" local="130071336300000000" remote="130071336300000000" />
<file name=".gitignore" server="www.ancp.org.br:229" local="130071335760000000" remote="130094059430000000" />
<file name="index.html" server="www.ancp.org.br:229" local="130071336300000000" remote="130094060240000000" />
<file name="ReadMe.md" server="www.ancp.org.br:229" local="130071336680000000" remote="130094060740000000" />
<file name="ReadMe.txt" server="www.ancp.org.br:229" local="130071336680000000" remote="130094060740000000" />
</dwsync>