<?xml version="1.0" encoding="utf-8" ?>
<dwsync>
<file name="film.png" server="ftp.prowebs.com.br/public_html/ancp/" local="130071336620000000" remote="130071336620000000" />
<file name="flash.png" server="ftp.prowebs.com.br/public_html/ancp/" local="130071336620000000" remote="130071336620000000" />
<file name="php.png" server="ftp.prowebs.com.br/public_html/ancp/" local="130071336630000000" remote="130071336630000000" />
<file name="code.png" server="ftp.prowebs.com.br/public_html/ancp/" local="130071336620000000" remote="130071336620000000" />
<file name="txt.png" server="ftp.prowebs.com.br/public_html/ancp/" local="130071336630000000" remote="130071336630000000" />
<file name="application.png" server="ftp.prowebs.com.br/public_html/ancp/" local="130071336620000000" remote="130071336620000000" />
<file name="script.png" server="ftp.prowebs.com.br/public_html/ancp/" local="130071336630000000" remote="130071336630000000" />
<file name="file.png" server="ftp.prowebs.com.br/public_html/ancp/" local="130071336620000000" remote="130071336620000000" />
<file name="java.png" server="ftp.prowebs.com.br/public_html/ancp/" local="130071336630000000" remote="130071336630000000" />
<file name="db.png" server="ftp.prowebs.com.br/public_html/ancp/" local="130071336620000000" remote="130071336620000000" />
<file name="directory.png" server="ftp.prowebs.com.br/public_html/ancp/" local="130071336620000000" remote="130071336620000000" />
<file name="xls.png" server="ftp.prowebs.com.br/public_html/ancp/" local="130071336630000000" remote="130071336630000000" />
<file name="html.png" server="ftp.prowebs.com.br/public_html/ancp/" local="130071336630000000" remote="130071336630000000" />
<file name="spinner.gif" server="ftp.prowebs.com.br/public_html/ancp/" local="130071336630000000" remote="130071336630000000" />
<file name="ppt.png" server="ftp.prowebs.com.br/public_html/ancp/" local="130071336630000000" remote="130071336630000000" />
<file name="psd.png" server="ftp.prowebs.com.br/public_html/ancp/" local="130071336630000000" remote="130071336630000000" />
<file name="music.png" server="ftp.prowebs.com.br/public_html/ancp/" local="130071336630000000" remote="130071336630000000" />
<file name="picture.png" server="ftp.prowebs.com.br/public_html/ancp/" local="130071336630000000" remote="130071336630000000" />
<file name="zip.png" server="ftp.prowebs.com.br/public_html/ancp/" local="130071336630000000" remote="130071336630000000" />
<file name="ruby.png" server="ftp.prowebs.com.br/public_html/ancp/" local="130071336630000000" remote="130071336630000000" />
<file name="pdf.png" server="ftp.prowebs.com.br/public_html/ancp/" local="130071336630000000" remote="130071336630000000" />
<file name="css.png" server="ftp.prowebs.com.br/public_html/ancp/" local="130071336620000000" remote="130071336620000000" />
<file name="folder_open.png" server="ftp.prowebs.com.br/public_html/ancp/" local="130071336630000000" remote="130071336630000000" />
<file name="doc.png" server="ftp.prowebs.com.br/public_html/ancp/" local="130071336620000000" remote="130071336620000000" />
<file name="application.png" server="www.ancp.org.br:229" local="130071336620000000" remote="130094060650000000" />
<file name="code.png" server="www.ancp.org.br:229" local="130071336620000000" remote="130094060650000000" />
<file name="css.png" server="www.ancp.org.br:229" local="130071336620000000" remote="130094060660000000" />
<file name="db.png" server="www.ancp.org.br:229" local="130071336620000000" remote="130094060660000000" />
<file name="directory.png" server="www.ancp.org.br:229" local="130071336620000000" remote="130094060660000000" />
<file name="doc.png" server="www.ancp.org.br:229" local="130071336620000000" remote="130094060670000000" />
<file name="file.png" server="www.ancp.org.br:229" local="130071336620000000" remote="130094060670000000" />
<file name="film.png" server="www.ancp.org.br:229" local="130071336620000000" remote="130094060670000000" />
<file name="flash.png" server="www.ancp.org.br:229" local="130071336620000000" remote="130094060670000000" />
<file name="folder_open.png" server="www.ancp.org.br:229" local="130071336630000000" remote="130094060670000000" />
<file name="html.png" server="www.ancp.org.br:229" local="130071336630000000" remote="130094060670000000" />
<file name="java.png" server="www.ancp.org.br:229" local="130071336630000000" remote="130094060670000000" />
<file name="music.png" server="www.ancp.org.br:229" local="130071336630000000" remote="130094060670000000" />
<file name="pdf.png" server="www.ancp.org.br:229" local="130071336630000000" remote="130094060680000000" />
<file name="php.png" server="www.ancp.org.br:229" local="130071336630000000" remote="130094060680000000" />
<file name="picture.png" server="www.ancp.org.br:229" local="130071336630000000" remote="130094060680000000" />
<file name="ppt.png" server="www.ancp.org.br:229" local="130071336630000000" remote="130094060680000000" />
<file name="psd.png" server="www.ancp.org.br:229" local="130071336630000000" remote="130094060680000000" />
<file name="ruby.png" server="www.ancp.org.br:229" local="130071336630000000" remote="130094060680000000" />
<file name="script.png" server="www.ancp.org.br:229" local="130071336630000000" remote="130094060690000000" />
<file name="spinner.gif" server="www.ancp.org.br:229" local="130071336630000000" remote="130094060690000000" />
<file name="txt.png" server="www.ancp.org.br:229" local="130071336630000000" remote="130094060690000000" />
<file name="xls.png" server="www.ancp.org.br:229" local="130071336630000000" remote="130094060690000000" />
<file name="zip.png" server="www.ancp.org.br:229" local="130071336630000000" remote="130094060690000000" />
</dwsync>